stock1,stock2,open,loss,reward,open_num,action choose
2498,2834,50,100,0,[0],19
2498,2888,0.9210140679952115,2.499999999999602,0.08345000000001335,[1],3
