stock1,stock2,open,loss,reward,open_num
2498,2834,0.5,1.5,0.10000000000000853,[0]
2498,2888,0.9500000000000004,2.2499999999999996,0.3200000000000074,[1]
