stock1,stock2,open,loss,reward,open_num
2498,2834,[0.65],[1.65],0.9000000000000199,[0]
2498,2888,[0.5],[3.3],0.18999999999998352,[1]
