stock1,stock2,open,loss,reward,open_num,action choose
2498,2834,1.5,2.5,0.05000000000000426,[1],0
2498,2888,1.5,2.5,0.20000000000000995,[1],0
